country;variable;age;pop;countryname;shortname;simpledes;technicaldes;shorttype;longtype;shortpop;longpop;shortage;longage;unit;source;method;extrapolation;data_points
MF;aconfci992;992;i;Saint Martin (French part);Consumption of fixed capital;Consumption of fixed capital of national economy is the decline in total value of fixed assets (e.g. roads, machines) which are owned and used by a producer. In other words, the amounts required to maintain the quality of fixed assets from a year to another. The decline in  value is a result of physical deterioration, normal obsolescence or normal accidental damage.The national economy - in the national accounts sense - includes all domestic sectors, i.e. all entities that are resident of a given country (in the sense of their economic activity), whether they belong to the private sector, the corporate sector, the governement sector.;;Average;Average income or wealth between two percentiles. When the associated percentile is of the form 'pX', intermediary average returns the average between percentile pX and the next consecutive percentile. When the associated percentile is of the form 'pXpY', the variable returns the average between percentiles pX and pY.;individuals;The base unit is the individual (rather than the household). This is equivalent to assuming no sharing of resources within couples.;Adults;The population is comprised of individuals over age 20.;;;;;
MF;aconfci999;999;i;Saint Martin (French part);Consumption of fixed capital;Consumption of fixed capital of national economy is the decline in total value of fixed assets (e.g. roads, machines) which are owned and used by a producer. In other words, the amounts required to maintain the quality of fixed assets from a year to another. The decline in  value is a result of physical deterioration, normal obsolescence or normal accidental damage.The national economy - in the national accounts sense - includes all domestic sectors, i.e. all entities that are resident of a given country (in the sense of their economic activity), whether they belong to the private sector, the corporate sector, the governement sector.;;Average;Average income or wealth between two percentiles. When the associated percentile is of the form 'pX', intermediary average returns the average between percentile pX and the next consecutive percentile. When the associated percentile is of the form 'pXpY', the variable returns the average between percentiles pX and pY.;individuals;The base unit is the individual (rather than the household). This is equivalent to assuming no sharing of resources within couples.;All Ages;The population is comprised of individuals of all ages.;;;;;
MF;agdproi992;992;i;Saint Martin (French part);Gross domestic product;Gross domestic product is the total value of goods and services produced by the national economy.The national economy - in the national accounts sense - includes all domestic sectors, i.e. all entities that are resident of a given country (in the sense of their economic activity), whether they belong to the private sector, the corporate sector, the governement sector.;;Average;Average income or wealth between two percentiles. When the associated percentile is of the form 'pX', intermediary average returns the average between percentile pX and the next consecutive percentile. When the associated percentile is of the form 'pXpY', the variable returns the average between percentiles pX and pY.;individuals;The base unit is the individual (rather than the household). This is equivalent to assuming no sharing of resources within couples.;Adults;The population is comprised of individuals over age 20.;;;;;
MF;agdproi999;999;i;Saint Martin (French part);Gross domestic product;Gross domestic product is the total value of goods and services produced by the national economy.The national economy - in the national accounts sense - includes all domestic sectors, i.e. all entities that are resident of a given country (in the sense of their economic activity), whether they belong to the private sector, the corporate sector, the governement sector.;;Average;Average income or wealth between two percentiles. When the associated percentile is of the form 'pX', intermediary average returns the average between percentile pX and the next consecutive percentile. When the associated percentile is of the form 'pXpY', the variable returns the average between percentiles pX and pY.;individuals;The base unit is the individual (rather than the household). This is equivalent to assuming no sharing of resources within couples.;All Ages;The population is comprised of individuals of all ages.;;;;;
MF;agninci992;992;i;Saint Martin (French part);Gross national income;;;Average;Average income or wealth between two percentiles. When the associated percentile is of the form 'pX', intermediary average returns the average between percentile pX and the next consecutive percentile. When the associated percentile is of the form 'pXpY', the variable returns the average between percentiles pX and pY.;individuals;The base unit is the individual (rather than the household). This is equivalent to assuming no sharing of resources within couples.;Adults;The population is comprised of individuals over age 20.;;;;;
MF;agninci999;999;i;Saint Martin (French part);Gross national income;;;Average;Average income or wealth between two percentiles. When the associated percentile is of the form 'pX', intermediary average returns the average between percentile pX and the next consecutive percentile. When the associated percentile is of the form 'pXpY', the variable returns the average between percentiles pX and pY.;individuals;The base unit is the individual (rather than the household). This is equivalent to assuming no sharing of resources within couples.;All Ages;The population is comprised of individuals of all ages.;;;;;
MF;agweali992;992;i;Saint Martin (French part);Net public wealth;Net public wealth is the total value of assets (cash, housing, bonds, equities, etc.) owned by the general government sector (central government, state government, local government, and social security funds), minus its debts. The government sector - in the national accounts - includes are national, regional local governement, social security administrations, and more generally all entities relying primarily upon public financing (taxes, contributions, and other compulsory payments).;[Net public wealth]=[Government non-financial assets]+[Government financial assets]-[Government debt];Average;Average income or wealth between two percentiles. When the associated percentile is of the form 'pX', intermediary average returns the average between percentile pX and the next consecutive percentile. When the associated percentile is of the form 'pXpY', the variable returns the average between percentiles pX and pY.;individuals;The base unit is the individual (rather than the household). This is equivalent to assuming no sharing of resources within couples.;Adults;The population is comprised of individuals over age 20.;;;;;
MF;agweali999;999;i;Saint Martin (French part);Net public wealth;Net public wealth is the total value of assets (cash, housing, bonds, equities, etc.) owned by the general government sector (central government, state government, local government, and social security funds), minus its debts. The government sector - in the national accounts - includes are national, regional local governement, social security administrations, and more generally all entities relying primarily upon public financing (taxes, contributions, and other compulsory payments).;[Net public wealth]=[Government non-financial assets]+[Government financial assets]-[Government debt];Average;Average income or wealth between two percentiles. When the associated percentile is of the form 'pX', intermediary average returns the average between percentile pX and the next consecutive percentile. When the associated percentile is of the form 'pXpY', the variable returns the average between percentiles pX and pY.;individuals;The base unit is the individual (rather than the household). This is equivalent to assuming no sharing of resources within couples.;All Ages;The population is comprised of individuals of all ages.;;;;;
MF;ancanxi992;992;i;Saint Martin (French part);Current Account = pinnx + comnx + tbnnx + opinx + scinx;;[Current Account = pinnx + comnx + tbnnx + opinx + scinx]=[Trade balace (exports-imports)]-[Net other primary income ];Average;Average income or wealth between two percentiles. When the associated percentile is of the form 'pX', intermediary average returns the average between percentile pX and the next consecutive percentile. When the associated percentile is of the form 'pXpY', the variable returns the average between percentiles pX and pY.;individuals;The base unit is the individual (rather than the household). This is equivalent to assuming no sharing of resources within couples.;Adults;The population is comprised of individuals over age 20.;;;;;
MF;ancanxi999;999;i;Saint Martin (French part);Current Account = pinnx + comnx + tbnnx + opinx + scinx;;[Current Account = pinnx + comnx + tbnnx + opinx + scinx]=[Trade balace (exports-imports)]-[Net other primary income ];Average;Average income or wealth between two percentiles. When the associated percentile is of the form 'pX', intermediary average returns the average between percentile pX and the next consecutive percentile. When the associated percentile is of the form 'pXpY', the variable returns the average between percentiles pX and pY.;individuals;The base unit is the individual (rather than the household). This is equivalent to assuming no sharing of resources within couples.;All Ages;The population is comprised of individuals of all ages.;;;;;
MF;andproi992;992;i;Saint Martin (French part);Net domestic product;Net domestic product is the total value of the goods and services produced in a country, minus the value of the fixed capital used up in production (e.g. replacement of obsolete machines or maintenance of roads).The national economy - in the national accounts sense - includes all domestic sectors, i.e. all entities that are resident of a given country (in the sense of their economic activity), whether they belong to the private sector, the corporate sector, the governement sector.;[Net domestic product]=[Gross domestic product]-[Consumption of fixed capital];Average;Average income or wealth between two percentiles. When the associated percentile is of the form 'pX', intermediary average returns the average between percentile pX and the next consecutive percentile. When the associated percentile is of the form 'pXpY', the variable returns the average between percentiles pX and pY.;individuals;The base unit is the individual (rather than the household). This is equivalent to assuming no sharing of resources within couples.;Adults;The population is comprised of individuals over age 20.;;;;;
MF;andproi999;999;i;Saint Martin (French part);Net domestic product;Net domestic product is the total value of the goods and services produced in a country, minus the value of the fixed capital used up in production (e.g. replacement of obsolete machines or maintenance of roads).The national economy - in the national accounts sense - includes all domestic sectors, i.e. all entities that are resident of a given country (in the sense of their economic activity), whether they belong to the private sector, the corporate sector, the governement sector.;[Net domestic product]=[Gross domestic product]-[Consumption of fixed capital];Average;Average income or wealth between two percentiles. When the associated percentile is of the form 'pX', intermediary average returns the average between percentile pX and the next consecutive percentile. When the associated percentile is of the form 'pXpY', the variable returns the average between percentiles pX and pY.;individuals;The base unit is the individual (rather than the household). This is equivalent to assuming no sharing of resources within couples.;All Ages;The population is comprised of individuals of all ages.;;;;;
MF;anninci992;992;i;Saint Martin (French part);National income;National income aims to measure the total income available to the residents of a given country. It is equal to the gross domestic product (the total value of goods and services produced on the territory of a given country during a given year), minus fixed capital used in production processes (e.g. replacement of obsolete machines or maintenance of roads) plus the net foreign income earned by residents in the rest of the world.// National income has many limitations. However it is the only income concept that has an internationally agreed definition (established by the United Nations System of National Accounts, see SNA 2008). So we use it as our reference concept (with tax havens correction). To be improved.The national economy - in the national accounts sense - includes all domestic sectors, i.e. all entities that are resident of a given country (in the sense of their economic activity), whether they belong to the private sector, the corporate sector, the governement sector.;[National income]=[Net domestic product]+[Net foreign income];Average;Average income or wealth between two percentiles. When the associated percentile is of the form 'pX', intermediary average returns the average between percentile pX and the next consecutive percentile. When the associated percentile is of the form 'pXpY', the variable returns the average between percentiles pX and pY.;individuals;The base unit is the individual (rather than the household). This is equivalent to assuming no sharing of resources within couples.;Adults;The population is comprised of individuals over age 20.;;;;;
MF;anninci999;999;i;Saint Martin (French part);National income;National income aims to measure the total income available to the residents of a given country. It is equal to the gross domestic product (the total value of goods and services produced on the territory of a given country during a given year), minus fixed capital used in production processes (e.g. replacement of obsolete machines or maintenance of roads) plus the net foreign income earned by residents in the rest of the world.// National income has many limitations. However it is the only income concept that has an internationally agreed definition (established by the United Nations System of National Accounts, see SNA 2008). So we use it as our reference concept (with tax havens correction). To be improved.The national economy - in the national accounts sense - includes all domestic sectors, i.e. all entities that are resident of a given country (in the sense of their economic activity), whether they belong to the private sector, the corporate sector, the governement sector.;[National income]=[Net domestic product]+[Net foreign income];Average;Average income or wealth between two percentiles. When the associated percentile is of the form 'pX', intermediary average returns the average between percentile pX and the next consecutive percentile. When the associated percentile is of the form 'pXpY', the variable returns the average between percentiles pX and pY.;individuals;The base unit is the individual (rather than the household). This is equivalent to assuming no sharing of resources within couples.;All Ages;The population is comprised of individuals of all ages.;;;;;
MF;anweali992;992;i;Saint Martin (French part);Market-value national wealth ;Net national wealth is the total value of assets (cash, housing, bonds, equities, etc.) owned by the national economy, minus its debts. The national economy - in the national accounts sense - includes all domestic sectors, i.e. all entities that are resident of a given country (in the sense of their economic activity), whether they belong to the private sector, the corporate sector, the governement sector.;[Market-value national wealth ]=[National non-financial assets]+[Net foreign assets];Average;Average income or wealth between two percentiles. When the associated percentile is of the form 'pX', intermediary average returns the average between percentile pX and the next consecutive percentile. When the associated percentile is of the form 'pXpY', the variable returns the average between percentiles pX and pY.;individuals;The base unit is the individual (rather than the household). This is equivalent to assuming no sharing of resources within couples.;Adults;The population is comprised of individuals over age 20.;;;;;
MF;anweali999;999;i;Saint Martin (French part);Market-value national wealth ;Net national wealth is the total value of assets (cash, housing, bonds, equities, etc.) owned by the national economy, minus its debts. The national economy - in the national accounts sense - includes all domestic sectors, i.e. all entities that are resident of a given country (in the sense of their economic activity), whether they belong to the private sector, the corporate sector, the governement sector.;[Market-value national wealth ]=[National non-financial assets]+[Net foreign assets];Average;Average income or wealth between two percentiles. When the associated percentile is of the form 'pX', intermediary average returns the average between percentile pX and the next consecutive percentile. When the associated percentile is of the form 'pXpY', the variable returns the average between percentiles pX and pY.;individuals;The base unit is the individual (rather than the household). This is equivalent to assuming no sharing of resources within couples.;All Ages;The population is comprised of individuals of all ages.;;;;;
MF;apweali992;992;i;Saint Martin (French part);Net private wealth;Net private wealth is  the total value of non-financial and financial assets (housing, land, deposits, bonds, equities of corporations, etc.) held by private owners (households and foundations), minus their debts.  The private sector - in the national accounts sense - includes the personal sector (households) and the non-profit sector (foundations, religious organizations, etc.). In certain countries, availables sources do not allow to decompose the wealth owned by each of these two sub-sectors, and we only provide total net private wealth.;[Net private wealth]=[Private non-financial assets]+[Private financial assets]-[Private debt];Average;Average income or wealth between two percentiles. When the associated percentile is of the form 'pX', intermediary average returns the average between percentile pX and the next consecutive percentile. When the associated percentile is of the form 'pXpY', the variable returns the average between percentiles pX and pY.;individuals;The base unit is the individual (rather than the household). This is equivalent to assuming no sharing of resources within couples.;Adults;The population is comprised of individuals over age 20.;;;;;
MF;apweali999;999;i;Saint Martin (French part);Net private wealth;Net private wealth is  the total value of non-financial and financial assets (housing, land, deposits, bonds, equities of corporations, etc.) held by private owners (households and foundations), minus their debts.  The private sector - in the national accounts sense - includes the personal sector (households) and the non-profit sector (foundations, religious organizations, etc.). In certain countries, availables sources do not allow to decompose the wealth owned by each of these two sub-sectors, and we only provide total net private wealth.;[Net private wealth]=[Private non-financial assets]+[Private financial assets]-[Private debt];Average;Average income or wealth between two percentiles. When the associated percentile is of the form 'pX', intermediary average returns the average between percentile pX and the next consecutive percentile. When the associated percentile is of the form 'pXpY', the variable returns the average between percentiles pX and pY.;individuals;The base unit is the individual (rather than the household). This is equivalent to assuming no sharing of resources within couples.;All Ages;The population is comprised of individuals of all ages.;;;;;
MF;inyixxi999;999;i;Saint Martin (French part);National income price index;Price index that reflects the evolution of the price level for all new, domestically produced, final goods and services in the economy.;;Indices;Indices;individuals;The base unit is the individual (rather than the household). This is equivalent to assuming no sharing of resources within couples.;All Ages;The population is comprised of individuals of all ages.;;;;;
MF;mconfci999;999;i;Saint Martin (French part);Consumption of fixed capital;Consumption of fixed capital of national economy is the decline in total value of fixed assets (e.g. roads, machines) which are owned and used by a producer. In other words, the amounts required to maintain the quality of fixed assets from a year to another. The decline in  value is a result of physical deterioration, normal obsolescence or normal accidental damage.The national economy - in the national accounts sense - includes all domestic sectors, i.e. all entities that are resident of a given country (in the sense of their economic activity), whether they belong to the private sector, the corporate sector, the governement sector.;;Total;Macroeconomic variable (i.e. corresponding to national economy rather than to a given group of individuals). The associated percentile is of the form 'pall'.;individuals;The base unit is the individual (rather than the household). This is equivalent to assuming no sharing of resources within couples.;All Ages;The population is comprised of individuals of all ages.;;;;;
MF;mgdproi999;999;i;Saint Martin (French part);Gross domestic product;Gross domestic product is the total value of goods and services produced by the national economy.The national economy - in the national accounts sense - includes all domestic sectors, i.e. all entities that are resident of a given country (in the sense of their economic activity), whether they belong to the private sector, the corporate sector, the governement sector.;;Total;Macroeconomic variable (i.e. corresponding to national economy rather than to a given group of individuals). The associated percentile is of the form 'pall'.;individuals;The base unit is the individual (rather than the household). This is equivalent to assuming no sharing of resources within couples.;All Ages;The population is comprised of individuals of all ages.;;;;;
MF;mgninci999;999;i;Saint Martin (French part);Gross national income;;;Total;Macroeconomic variable (i.e. corresponding to national economy rather than to a given group of individuals). The associated percentile is of the form 'pall'.;individuals;The base unit is the individual (rather than the household). This is equivalent to assuming no sharing of resources within couples.;All Ages;The population is comprised of individuals of all ages.;;;;;
MF;mgweali999;999;i;Saint Martin (French part);Net public wealth;Net public wealth is the total value of assets (cash, housing, bonds, equities, etc.) owned by the general government sector (central government, state government, local government, and social security funds), minus its debts. The government sector - in the national accounts - includes are national, regional local governement, social security administrations, and more generally all entities relying primarily upon public financing (taxes, contributions, and other compulsory payments).;[Net public wealth]=[Government non-financial assets]+[Government financial assets]-[Government debt];Total;Macroeconomic variable (i.e. corresponding to national economy rather than to a given group of individuals). The associated percentile is of the form 'pall'.;individuals;The base unit is the individual (rather than the household). This is equivalent to assuming no sharing of resources within couples.;All Ages;The population is comprised of individuals of all ages.;;;;;
MF;mncanxi999;999;i;Saint Martin (French part);Current Account = pinnx + comnx + tbnnx + opinx + scinx;;[Current Account = pinnx + comnx + tbnnx + opinx + scinx]=[Trade balace (exports-imports)]-[Net other primary income ];Total;Macroeconomic variable (i.e. corresponding to national economy rather than to a given group of individuals). The associated percentile is of the form 'pall'.;individuals;The base unit is the individual (rather than the household). This is equivalent to assuming no sharing of resources within couples.;All Ages;The population is comprised of individuals of all ages.;;;;;
MF;mndproi999;999;i;Saint Martin (French part);Net domestic product;Net domestic product is the total value of the goods and services produced in a country, minus the value of the fixed capital used up in production (e.g. replacement of obsolete machines or maintenance of roads).The national economy - in the national accounts sense - includes all domestic sectors, i.e. all entities that are resident of a given country (in the sense of their economic activity), whether they belong to the private sector, the corporate sector, the governement sector.;[Net domestic product]=[Gross domestic product]-[Consumption of fixed capital];Total;Macroeconomic variable (i.e. corresponding to national economy rather than to a given group of individuals). The associated percentile is of the form 'pall'.;individuals;The base unit is the individual (rather than the household). This is equivalent to assuming no sharing of resources within couples.;All Ages;The population is comprised of individuals of all ages.;;;;;
MF;mnninci999;999;i;Saint Martin (French part);National income;National income aims to measure the total income available to the residents of a given country. It is equal to the gross domestic product (the total value of goods and services produced on the territory of a given country during a given year), minus fixed capital used in production processes (e.g. replacement of obsolete machines or maintenance of roads) plus the net foreign income earned by residents in the rest of the world.// National income has many limitations. However it is the only income concept that has an internationally agreed definition (established by the United Nations System of National Accounts, see SNA 2008). So we use it as our reference concept (with tax havens correction). To be improved.The national economy - in the national accounts sense - includes all domestic sectors, i.e. all entities that are resident of a given country (in the sense of their economic activity), whether they belong to the private sector, the corporate sector, the governement sector.;[National income]=[Net domestic product]+[Net foreign income];Total;Macroeconomic variable (i.e. corresponding to national economy rather than to a given group of individuals). The associated percentile is of the form 'pall'.;individuals;The base unit is the individual (rather than the household). This is equivalent to assuming no sharing of resources within couples.;All Ages;The population is comprised of individuals of all ages.;;;;;
MF;mnweali999;999;i;Saint Martin (French part);Market-value national wealth ;Net national wealth is the total value of assets (cash, housing, bonds, equities, etc.) owned by the national economy, minus its debts. The national economy - in the national accounts sense - includes all domestic sectors, i.e. all entities that are resident of a given country (in the sense of their economic activity), whether they belong to the private sector, the corporate sector, the governement sector.;[Market-value national wealth ]=[National non-financial assets]+[Net foreign assets];Total;Macroeconomic variable (i.e. corresponding to national economy rather than to a given group of individuals). The associated percentile is of the form 'pall'.;individuals;The base unit is the individual (rather than the household). This is equivalent to assuming no sharing of resources within couples.;All Ages;The population is comprised of individuals of all ages.;;;;;
MF;mpweali999;999;i;Saint Martin (French part);Net private wealth;Net private wealth is  the total value of non-financial and financial assets (housing, land, deposits, bonds, equities of corporations, etc.) held by private owners (households and foundations), minus their debts.  The private sector - in the national accounts sense - includes the personal sector (households) and the non-profit sector (foundations, religious organizations, etc.). In certain countries, availables sources do not allow to decompose the wealth owned by each of these two sub-sectors, and we only provide total net private wealth.;[Net private wealth]=[Private non-financial assets]+[Private financial assets]-[Private debt];Total;Macroeconomic variable (i.e. corresponding to national economy rather than to a given group of individuals). The associated percentile is of the form 'pall'.;individuals;The base unit is the individual (rather than the household). This is equivalent to assuming no sharing of resources within couples.;All Ages;The population is comprised of individuals of all ages.;;;;;
MF;npopulf001;001;f;Saint Martin (French part);Population;Number of individuals in a group.;;Population;Number of units in a given group;female;The population looked at is comprised of female individuals only.;0 to 4;The population is comprised of individuals of in the 0 to 4 age group.;;;;;
MF;npopulf051;051;f;Saint Martin (French part);Population;Number of individuals in a group.;;Population;Number of units in a given group;female;The population looked at is comprised of female individuals only.;5 to 9;The population is comprised of individuals of in the 5 to 9 age group.;;;;;
MF;npopulf101;101;f;Saint Martin (French part);Population;Number of individuals in a group.;;Population;Number of units in a given group;female;The population looked at is comprised of female individuals only.;10 to 14;The population is comprised of individuals of in the 10 to 14 age group.;;;;;
MF;npopulf111;111;f;Saint Martin (French part);Population;Number of individuals in a group.;;Population;Number of units in a given group;female;The population looked at is comprised of female individuals only.;100+;The population is comprised of individuals over age 99.;;;;;
MF;npopulf151;151;f;Saint Martin (French part);Population;Number of individuals in a group.;;Population;Number of units in a given group;female;The population looked at is comprised of female individuals only.;15 to 19;The population is comprised of individuals of in the 15 to 19 age group.;;;;;
MF;npopulf201;201;f;Saint Martin (French part);Population;Number of individuals in a group.;;Population;Number of units in a given group;female;The population looked at is comprised of female individuals only.;20 to 24;The population is comprised of individuals of in the 20 to 24 age group.;;;;;
MF;npopulf202;202;f;Saint Martin (French part);Population;Number of individuals in a group.;;Population;Number of units in a given group;female;The population looked at is comprised of female individuals only.;20 to 29;The population is comprised of individuals of in the 20 to 29 age group.;;;;;
MF;npopulf251;251;f;Saint Martin (French part);Population;Number of individuals in a group.;;Population;Number of units in a given group;female;The population looked at is comprised of female individuals only.;25 to 29;The population is comprised of individuals of in the 25 to 29 age group.;;;;;
MF;npopulf301;301;f;Saint Martin (French part);Population;Number of individuals in a group.;;Population;Number of units in a given group;female;The population looked at is comprised of female individuals only.;30 to 34;The population is comprised of individuals of in the 30 to 34 age group.;;;;;
MF;npopulf302;302;f;Saint Martin (French part);Population;Number of individuals in a group.;;Population;Number of units in a given group;female;The population looked at is comprised of female individuals only.;30 to 39;The population is comprised of individuals of in the 30 to 39 age group.;;;;;
MF;npopulf351;351;f;Saint Martin (French part);Population;Number of individuals in a group.;;Population;Number of units in a given group;female;The population looked at is comprised of female individuals only.;35 to 39;The population is comprised of individuals of in the 35 to 39 age group.;;;;;
MF;npopulf401;401;f;Saint Martin (French part);Population;Number of individuals in a group.;;Population;Number of units in a given group;female;The population looked at is comprised of female individuals only.;40 to 44;The population is comprised of individuals of in the 40 to 44 age group.;;;;;
MF;npopulf402;402;f;Saint Martin (French part);Population;Number of individuals in a group.;;Population;Number of units in a given group;female;The population looked at is comprised of female individuals only.;40 to 49 ;The population is comprised of individuals of in the 40 to 49  age group.;;;;;
MF;npopulf451;451;f;Saint Martin (French part);Population;Number of individuals in a group.;;Population;Number of units in a given group;female;The population looked at is comprised of female individuals only.;45 to 49;The population is comprised of individuals of in the 45 to 49 age group.;;;;;
MF;npopulf501;501;f;Saint Martin (French part);Population;Number of individuals in a group.;;Population;Number of units in a given group;female;The population looked at is comprised of female individuals only.;50 to 54;The population is comprised of individuals of in the 50 to 54 age group.;;;;;
MF;npopulf502;502;f;Saint Martin (French part);Population;Number of individuals in a group.;;Population;Number of units in a given group;female;The population looked at is comprised of female individuals only.;50 to 59;The population is comprised of individuals of in the 50 to 59 age group.;;;;;
MF;npopulf551;551;f;Saint Martin (French part);Population;Number of individuals in a group.;;Population;Number of units in a given group;female;The population looked at is comprised of female individuals only.;55 to 59;The population is comprised of individuals of in the 55 to 59 age group.;;;;;
MF;npopulf601;601;f;Saint Martin (French part);Population;Number of individuals in a group.;;Population;Number of units in a given group;female;The population looked at is comprised of female individuals only.;60 to 64;The population is comprised of individuals of in the 60 to 64 age group.;;;;;
MF;npopulf602;602;f;Saint Martin (French part);Population;Number of individuals in a group.;;Population;Number of units in a given group;female;The population looked at is comprised of female individuals only.;60 to 69;The population is comprised of individuals of in the 60 to 69 age group.;;;;;
MF;npopulf651;651;f;Saint Martin (French part);Population;Number of individuals in a group.;;Population;Number of units in a given group;female;The population looked at is comprised of female individuals only.;65 to 69;The population is comprised of individuals of in the 65 to 69 age group.;;;;;
MF;npopulf701;701;f;Saint Martin (French part);Population;Number of individuals in a group.;;Population;Number of units in a given group;female;The population looked at is comprised of female individuals only.;70 to 74;The population is comprised of individuals of in the 70 to 74 age group.;;;;;
MF;npopulf702;702;f;Saint Martin (French part);Population;Number of individuals in a group.;;Population;Number of units in a given group;female;The population looked at is comprised of female individuals only.;70 to 79;The population is comprised of individuals of in the 70 to 79 age group.;;;;;
MF;npopulf751;751;f;Saint Martin (French part);Population;Number of individuals in a group.;;Population;Number of units in a given group;female;The population looked at is comprised of female individuals only.;75 to 79;The population is comprised of individuals of in the 75 to 79 age group.;;;;;
MF;npopulf801;801;f;Saint Martin (French part);Population;Number of individuals in a group.;;Population;Number of units in a given group;female;The population looked at is comprised of female individuals only.;80 to 84;The population is comprised of individuals of in the 80 to 84 age group.;;;;;
MF;npopulf802;802;f;Saint Martin (French part);Population;Number of individuals in a group.;;Population;Number of units in a given group;female;The population looked at is comprised of female individuals only.;80 to 89;The population is comprised of individuals of in the 80 to 89 age group.;;;;;
MF;npopulf851;851;f;Saint Martin (French part);Population;Number of individuals in a group.;;Population;Number of units in a given group;female;The population looked at is comprised of female individuals only.;85 to 89;The population is comprised of individuals of in the 85 to 89 age group.;;;;;
MF;npopulf901;901;f;Saint Martin (French part);Population;Number of individuals in a group.;;Population;Number of units in a given group;female;The population looked at is comprised of female individuals only.;90 to 94;The population is comprised of individuals of in the 90 to 94 age group.;;;;;
MF;npopulf902;902;f;Saint Martin (French part);Population;Number of individuals in a group.;;Population;Number of units in a given group;female;The population looked at is comprised of female individuals only.;90 to 99;The population is comprised of individuals of in the 90 to 99 age group.;;;;;
MF;npopulf951;951;f;Saint Martin (French part);Population;Number of individuals in a group.;;Population;Number of units in a given group;female;The population looked at is comprised of female individuals only.;95 to 99;The population is comprised of individuals of in the 95 to 99 age group.;;;;;
MF;npopulf991;991;f;Saint Martin (French part);Population;Number of individuals in a group.;;Population;Number of units in a given group;female;The population looked at is comprised of female individuals only.;Children;The population is comprised of individuals below age 20.;;;;;
MF;npopulf992;992;f;Saint Martin (French part);Population;Number of individuals in a group.;;Population;Number of units in a given group;female;The population looked at is comprised of female individuals only.;Adults;The population is comprised of individuals over age 20.;;;;;
MF;npopulf993;993;f;Saint Martin (French part);Population;Number of individuals in a group.;;Population;Number of units in a given group;female;The population looked at is comprised of female individuals only.;20 to 39;The population is comprised of individuals between ages 20 and 39.;;;;;
MF;npopulf994;994;f;Saint Martin (French part);Population;Number of individuals in a group.;;Population;Number of units in a given group;female;The population looked at is comprised of female individuals only.;40 to 59;The population is comprised of individuals between ages 40 and 59.;;;;;
MF;npopulf995;995;f;Saint Martin (French part);Population;Number of individuals in a group.;;Population;Number of units in a given group;female;The population looked at is comprised of female individuals only.;Over 60;The population is comprised of individuals over age 60.;;;;;
MF;npopulf996;996;f;Saint Martin (French part);Population;Number of individuals in a group.;;Population;Number of units in a given group;female;The population looked at is comprised of female individuals only.;20 to 64;The population is comprised of individuals between ages 20 and 64.;;;;;
MF;npopulf997;997;f;Saint Martin (French part);Population;Number of individuals in a group.;;Population;Number of units in a given group;female;The population looked at is comprised of female individuals only.;Over 65;The population is comprised of individuals over age 65.;;;;;
MF;npopulf998;998;f;Saint Martin (French part);Population;Number of individuals in a group.;;Population;Number of units in a given group;female;The population looked at is comprised of female individuals only.;Over 80;The population is comprised of individuals over age 80.;;;;;
MF;npopulf999;999;f;Saint Martin (French part);Population;Number of individuals in a group.;;Population;Number of units in a given group;female;The population looked at is comprised of female individuals only.;All Ages;The population is comprised of individuals of all ages.;;;;;
MF;npopuli001;001;i;Saint Martin (French part);Population;Number of individuals in a group.;;Population;Number of units in a given group;individuals;The base unit is the individual (rather than the household). This is equivalent to assuming no sharing of resources within couples.;0 to 4;The population is comprised of individuals of in the 0 to 4 age group.;;;;;
MF;npopuli051;051;i;Saint Martin (French part);Population;Number of individuals in a group.;;Population;Number of units in a given group;individuals;The base unit is the individual (rather than the household). This is equivalent to assuming no sharing of resources within couples.;5 to 9;The population is comprised of individuals of in the 5 to 9 age group.;;;;;
MF;npopuli101;101;i;Saint Martin (French part);Population;Number of individuals in a group.;;Population;Number of units in a given group;individuals;The base unit is the individual (rather than the household). This is equivalent to assuming no sharing of resources within couples.;10 to 14;The population is comprised of individuals of in the 10 to 14 age group.;;;;;
MF;npopuli111;111;i;Saint Martin (French part);Population;Number of individuals in a group.;;Population;Number of units in a given group;individuals;The base unit is the individual (rather than the household). This is equivalent to assuming no sharing of resources within couples.;100+;The population is comprised of individuals over age 99.;;;;;
MF;npopuli151;151;i;Saint Martin (French part);Population;Number of individuals in a group.;;Population;Number of units in a given group;individuals;The base unit is the individual (rather than the household). This is equivalent to assuming no sharing of resources within couples.;15 to 19;The population is comprised of individuals of in the 15 to 19 age group.;;;;;
MF;npopuli201;201;i;Saint Martin (French part);Population;Number of individuals in a group.;;Population;Number of units in a given group;individuals;The base unit is the individual (rather than the household). This is equivalent to assuming no sharing of resources within couples.;20 to 24;The population is comprised of individuals of in the 20 to 24 age group.;;;;;
MF;npopuli202;202;i;Saint Martin (French part);Population;Number of individuals in a group.;;Population;Number of units in a given group;individuals;The base unit is the individual (rather than the household). This is equivalent to assuming no sharing of resources within couples.;20 to 29;The population is comprised of individuals of in the 20 to 29 age group.;;;;;
MF;npopuli251;251;i;Saint Martin (French part);Population;Number of individuals in a group.;;Population;Number of units in a given group;individuals;The base unit is the individual (rather than the household). This is equivalent to assuming no sharing of resources within couples.;25 to 29;The population is comprised of individuals of in the 25 to 29 age group.;;;;;
MF;npopuli301;301;i;Saint Martin (French part);Population;Number of individuals in a group.;;Population;Number of units in a given group;individuals;The base unit is the individual (rather than the household). This is equivalent to assuming no sharing of resources within couples.;30 to 34;The population is comprised of individuals of in the 30 to 34 age group.;;;;;
MF;npopuli302;302;i;Saint Martin (French part);Population;Number of individuals in a group.;;Population;Number of units in a given group;individuals;The base unit is the individual (rather than the household). This is equivalent to assuming no sharing of resources within couples.;30 to 39;The population is comprised of individuals of in the 30 to 39 age group.;;;;;
MF;npopuli351;351;i;Saint Martin (French part);Population;Number of individuals in a group.;;Population;Number of units in a given group;individuals;The base unit is the individual (rather than the household). This is equivalent to assuming no sharing of resources within couples.;35 to 39;The population is comprised of individuals of in the 35 to 39 age group.;;;;;
MF;npopuli401;401;i;Saint Martin (French part);Population;Number of individuals in a group.;;Population;Number of units in a given group;individuals;The base unit is the individual (rather than the household). This is equivalent to assuming no sharing of resources within couples.;40 to 44;The population is comprised of individuals of in the 40 to 44 age group.;;;;;
MF;npopuli402;402;i;Saint Martin (French part);Population;Number of individuals in a group.;;Population;Number of units in a given group;individuals;The base unit is the individual (rather than the household). This is equivalent to assuming no sharing of resources within couples.;40 to 49 ;The population is comprised of individuals of in the 40 to 49  age group.;;;;;
MF;npopuli451;451;i;Saint Martin (French part);Population;Number of individuals in a group.;;Population;Number of units in a given group;individuals;The base unit is the individual (rather than the household). This is equivalent to assuming no sharing of resources within couples.;45 to 49;The population is comprised of individuals of in the 45 to 49 age group.;;;;;
MF;npopuli501;501;i;Saint Martin (French part);Population;Number of individuals in a group.;;Population;Number of units in a given group;individuals;The base unit is the individual (rather than the household). This is equivalent to assuming no sharing of resources within couples.;50 to 54;The population is comprised of individuals of in the 50 to 54 age group.;;;;;
MF;npopuli502;502;i;Saint Martin (French part);Population;Number of individuals in a group.;;Population;Number of units in a given group;individuals;The base unit is the individual (rather than the household). This is equivalent to assuming no sharing of resources within couples.;50 to 59;The population is comprised of individuals of in the 50 to 59 age group.;;;;;
MF;npopuli551;551;i;Saint Martin (French part);Population;Number of individuals in a group.;;Population;Number of units in a given group;individuals;The base unit is the individual (rather than the household). This is equivalent to assuming no sharing of resources within couples.;55 to 59;The population is comprised of individuals of in the 55 to 59 age group.;;;;;
MF;npopuli601;601;i;Saint Martin (French part);Population;Number of individuals in a group.;;Population;Number of units in a given group;individuals;The base unit is the individual (rather than the household). This is equivalent to assuming no sharing of resources within couples.;60 to 64;The population is comprised of individuals of in the 60 to 64 age group.;;;;;
MF;npopuli602;602;i;Saint Martin (French part);Population;Number of individuals in a group.;;Population;Number of units in a given group;individuals;The base unit is the individual (rather than the household). This is equivalent to assuming no sharing of resources within couples.;60 to 69;The population is comprised of individuals of in the 60 to 69 age group.;;;;;
MF;npopuli651;651;i;Saint Martin (French part);Population;Number of individuals in a group.;;Population;Number of units in a given group;individuals;The base unit is the individual (rather than the household). This is equivalent to assuming no sharing of resources within couples.;65 to 69;The population is comprised of individuals of in the 65 to 69 age group.;;;;;
MF;npopuli701;701;i;Saint Martin (French part);Population;Number of individuals in a group.;;Population;Number of units in a given group;individuals;The base unit is the individual (rather than the household). This is equivalent to assuming no sharing of resources within couples.;70 to 74;The population is comprised of individuals of in the 70 to 74 age group.;;;;;
MF;npopuli702;702;i;Saint Martin (French part);Population;Number of individuals in a group.;;Population;Number of units in a given group;individuals;The base unit is the individual (rather than the household). This is equivalent to assuming no sharing of resources within couples.;70 to 79;The population is comprised of individuals of in the 70 to 79 age group.;;;;;
MF;npopuli751;751;i;Saint Martin (French part);Population;Number of individuals in a group.;;Population;Number of units in a given group;individuals;The base unit is the individual (rather than the household). This is equivalent to assuming no sharing of resources within couples.;75 to 79;The population is comprised of individuals of in the 75 to 79 age group.;;;;;
MF;npopuli801;801;i;Saint Martin (French part);Population;Number of individuals in a group.;;Population;Number of units in a given group;individuals;The base unit is the individual (rather than the household). This is equivalent to assuming no sharing of resources within couples.;80 to 84;The population is comprised of individuals of in the 80 to 84 age group.;;;;;
MF;npopuli802;802;i;Saint Martin (French part);Population;Number of individuals in a group.;;Population;Number of units in a given group;individuals;The base unit is the individual (rather than the household). This is equivalent to assuming no sharing of resources within couples.;80 to 89;The population is comprised of individuals of in the 80 to 89 age group.;;;;;
MF;npopuli851;851;i;Saint Martin (French part);Population;Number of individuals in a group.;;Population;Number of units in a given group;individuals;The base unit is the individual (rather than the household). This is equivalent to assuming no sharing of resources within couples.;85 to 89;The population is comprised of individuals of in the 85 to 89 age group.;;;;;
MF;npopuli901;901;i;Saint Martin (French part);Population;Number of individuals in a group.;;Population;Number of units in a given group;individuals;The base unit is the individual (rather than the household). This is equivalent to assuming no sharing of resources within couples.;90 to 94;The population is comprised of individuals of in the 90 to 94 age group.;;;;;
MF;npopuli902;902;i;Saint Martin (French part);Population;Number of individuals in a group.;;Population;Number of units in a given group;individuals;The base unit is the individual (rather than the household). This is equivalent to assuming no sharing of resources within couples.;90 to 99;The population is comprised of individuals of in the 90 to 99 age group.;;;;;
MF;npopuli951;951;i;Saint Martin (French part);Population;Number of individuals in a group.;;Population;Number of units in a given group;individuals;The base unit is the individual (rather than the household). This is equivalent to assuming no sharing of resources within couples.;95 to 99;The population is comprised of individuals of in the 95 to 99 age group.;;;;;
MF;npopuli991;991;i;Saint Martin (French part);Population;Number of individuals in a group.;;Population;Number of units in a given group;individuals;The base unit is the individual (rather than the household). This is equivalent to assuming no sharing of resources within couples.;Children;The population is comprised of individuals below age 20.;;;;;
MF;npopuli992;992;i;Saint Martin (French part);Population;Number of individuals in a group.;;Population;Number of units in a given group;individuals;The base unit is the individual (rather than the household). This is equivalent to assuming no sharing of resources within couples.;Adults;The population is comprised of individuals over age 20.;;;;;
MF;npopuli993;993;i;Saint Martin (French part);Population;Number of individuals in a group.;;Population;Number of units in a given group;individuals;The base unit is the individual (rather than the household). This is equivalent to assuming no sharing of resources within couples.;20 to 39;The population is comprised of individuals between ages 20 and 39.;;;;;
MF;npopuli994;994;i;Saint Martin (French part);Population;Number of individuals in a group.;;Population;Number of units in a given group;individuals;The base unit is the individual (rather than the household). This is equivalent to assuming no sharing of resources within couples.;40 to 59;The population is comprised of individuals between ages 40 and 59.;;;;;
MF;npopuli995;995;i;Saint Martin (French part);Population;Number of individuals in a group.;;Population;Number of units in a given group;individuals;The base unit is the individual (rather than the household). This is equivalent to assuming no sharing of resources within couples.;Over 60;The population is comprised of individuals over age 60.;;;;;
MF;npopuli996;996;i;Saint Martin (French part);Population;Number of individuals in a group.;;Population;Number of units in a given group;individuals;The base unit is the individual (rather than the household). This is equivalent to assuming no sharing of resources within couples.;20 to 64;The population is comprised of individuals between ages 20 and 64.;;;;;
MF;npopuli997;997;i;Saint Martin (French part);Population;Number of individuals in a group.;;Population;Number of units in a given group;individuals;The base unit is the individual (rather than the household). This is equivalent to assuming no sharing of resources within couples.;Over 65;The population is comprised of individuals over age 65.;;;;;
MF;npopuli998;998;i;Saint Martin (French part);Population;Number of individuals in a group.;;Population;Number of units in a given group;individuals;The base unit is the individual (rather than the household). This is equivalent to assuming no sharing of resources within couples.;Over 80;The population is comprised of individuals over age 80.;;;;;
MF;npopuli999;999;i;Saint Martin (French part);Population;Number of individuals in a group.;;Population;Number of units in a given group;individuals;The base unit is the individual (rather than the household). This is equivalent to assuming no sharing of resources within couples.;All Ages;The population is comprised of individuals of all ages.;;;;;
MF;npopulm001;001;m;Saint Martin (French part);Population;Number of individuals in a group.;;Population;Number of units in a given group;male;The population looked at is comprised of male individuals only.;0 to 4;The population is comprised of individuals of in the 0 to 4 age group.;;;;;
MF;npopulm051;051;m;Saint Martin (French part);Population;Number of individuals in a group.;;Population;Number of units in a given group;male;The population looked at is comprised of male individuals only.;5 to 9;The population is comprised of individuals of in the 5 to 9 age group.;;;;;
MF;npopulm101;101;m;Saint Martin (French part);Population;Number of individuals in a group.;;Population;Number of units in a given group;male;The population looked at is comprised of male individuals only.;10 to 14;The population is comprised of individuals of in the 10 to 14 age group.;;;;;
MF;npopulm111;111;m;Saint Martin (French part);Population;Number of individuals in a group.;;Population;Number of units in a given group;male;The population looked at is comprised of male individuals only.;100+;The population is comprised of individuals over age 99.;;;;;
MF;npopulm151;151;m;Saint Martin (French part);Population;Number of individuals in a group.;;Population;Number of units in a given group;male;The population looked at is comprised of male individuals only.;15 to 19;The population is comprised of individuals of in the 15 to 19 age group.;;;;;
MF;npopulm201;201;m;Saint Martin (French part);Population;Number of individuals in a group.;;Population;Number of units in a given group;male;The population looked at is comprised of male individuals only.;20 to 24;The population is comprised of individuals of in the 20 to 24 age group.;;;;;
MF;npopulm202;202;m;Saint Martin (French part);Population;Number of individuals in a group.;;Population;Number of units in a given group;male;The population looked at is comprised of male individuals only.;20 to 29;The population is comprised of individuals of in the 20 to 29 age group.;;;;;
MF;npopulm251;251;m;Saint Martin (French part);Population;Number of individuals in a group.;;Population;Number of units in a given group;male;The population looked at is comprised of male individuals only.;25 to 29;The population is comprised of individuals of in the 25 to 29 age group.;;;;;
MF;npopulm301;301;m;Saint Martin (French part);Population;Number of individuals in a group.;;Population;Number of units in a given group;male;The population looked at is comprised of male individuals only.;30 to 34;The population is comprised of individuals of in the 30 to 34 age group.;;;;;
MF;npopulm302;302;m;Saint Martin (French part);Population;Number of individuals in a group.;;Population;Number of units in a given group;male;The population looked at is comprised of male individuals only.;30 to 39;The population is comprised of individuals of in the 30 to 39 age group.;;;;;
MF;npopulm351;351;m;Saint Martin (French part);Population;Number of individuals in a group.;;Population;Number of units in a given group;male;The population looked at is comprised of male individuals only.;35 to 39;The population is comprised of individuals of in the 35 to 39 age group.;;;;;
MF;npopulm401;401;m;Saint Martin (French part);Population;Number of individuals in a group.;;Population;Number of units in a given group;male;The population looked at is comprised of male individuals only.;40 to 44;The population is comprised of individuals of in the 40 to 44 age group.;;;;;
MF;npopulm402;402;m;Saint Martin (French part);Population;Number of individuals in a group.;;Population;Number of units in a given group;male;The population looked at is comprised of male individuals only.;40 to 49 ;The population is comprised of individuals of in the 40 to 49  age group.;;;;;
MF;npopulm451;451;m;Saint Martin (French part);Population;Number of individuals in a group.;;Population;Number of units in a given group;male;The population looked at is comprised of male individuals only.;45 to 49;The population is comprised of individuals of in the 45 to 49 age group.;;;;;
MF;npopulm501;501;m;Saint Martin (French part);Population;Number of individuals in a group.;;Population;Number of units in a given group;male;The population looked at is comprised of male individuals only.;50 to 54;The population is comprised of individuals of in the 50 to 54 age group.;;;;;
MF;npopulm502;502;m;Saint Martin (French part);Population;Number of individuals in a group.;;Population;Number of units in a given group;male;The population looked at is comprised of male individuals only.;50 to 59;The population is comprised of individuals of in the 50 to 59 age group.;;;;;
MF;npopulm551;551;m;Saint Martin (French part);Population;Number of individuals in a group.;;Population;Number of units in a given group;male;The population looked at is comprised of male individuals only.;55 to 59;The population is comprised of individuals of in the 55 to 59 age group.;;;;;
MF;npopulm601;601;m;Saint Martin (French part);Population;Number of individuals in a group.;;Population;Number of units in a given group;male;The population looked at is comprised of male individuals only.;60 to 64;The population is comprised of individuals of in the 60 to 64 age group.;;;;;
MF;npopulm602;602;m;Saint Martin (French part);Population;Number of individuals in a group.;;Population;Number of units in a given group;male;The population looked at is comprised of male individuals only.;60 to 69;The population is comprised of individuals of in the 60 to 69 age group.;;;;;
MF;npopulm651;651;m;Saint Martin (French part);Population;Number of individuals in a group.;;Population;Number of units in a given group;male;The population looked at is comprised of male individuals only.;65 to 69;The population is comprised of individuals of in the 65 to 69 age group.;;;;;
MF;npopulm701;701;m;Saint Martin (French part);Population;Number of individuals in a group.;;Population;Number of units in a given group;male;The population looked at is comprised of male individuals only.;70 to 74;The population is comprised of individuals of in the 70 to 74 age group.;;;;;
MF;npopulm702;702;m;Saint Martin (French part);Population;Number of individuals in a group.;;Population;Number of units in a given group;male;The population looked at is comprised of male individuals only.;70 to 79;The population is comprised of individuals of in the 70 to 79 age group.;;;;;
MF;npopulm751;751;m;Saint Martin (French part);Population;Number of individuals in a group.;;Population;Number of units in a given group;male;The population looked at is comprised of male individuals only.;75 to 79;The population is comprised of individuals of in the 75 to 79 age group.;;;;;
MF;npopulm801;801;m;Saint Martin (French part);Population;Number of individuals in a group.;;Population;Number of units in a given group;male;The population looked at is comprised of male individuals only.;80 to 84;The population is comprised of individuals of in the 80 to 84 age group.;;;;;
MF;npopulm802;802;m;Saint Martin (French part);Population;Number of individuals in a group.;;Population;Number of units in a given group;male;The population looked at is comprised of male individuals only.;80 to 89;The population is comprised of individuals of in the 80 to 89 age group.;;;;;
MF;npopulm851;851;m;Saint Martin (French part);Population;Number of individuals in a group.;;Population;Number of units in a given group;male;The population looked at is comprised of male individuals only.;85 to 89;The population is comprised of individuals of in the 85 to 89 age group.;;;;;
MF;npopulm901;901;m;Saint Martin (French part);Population;Number of individuals in a group.;;Population;Number of units in a given group;male;The population looked at is comprised of male individuals only.;90 to 94;The population is comprised of individuals of in the 90 to 94 age group.;;;;;
MF;npopulm902;902;m;Saint Martin (French part);Population;Number of individuals in a group.;;Population;Number of units in a given group;male;The population looked at is comprised of male individuals only.;90 to 99;The population is comprised of individuals of in the 90 to 99 age group.;;;;;
MF;npopulm951;951;m;Saint Martin (French part);Population;Number of individuals in a group.;;Population;Number of units in a given group;male;The population looked at is comprised of male individuals only.;95 to 99;The population is comprised of individuals of in the 95 to 99 age group.;;;;;
MF;npopulm991;991;m;Saint Martin (French part);Population;Number of individuals in a group.;;Population;Number of units in a given group;male;The population looked at is comprised of male individuals only.;Children;The population is comprised of individuals below age 20.;;;;;
MF;npopulm992;992;m;Saint Martin (French part);Population;Number of individuals in a group.;;Population;Number of units in a given group;male;The population looked at is comprised of male individuals only.;Adults;The population is comprised of individuals over age 20.;;;;;
MF;npopulm993;993;m;Saint Martin (French part);Population;Number of individuals in a group.;;Population;Number of units in a given group;male;The population looked at is comprised of male individuals only.;20 to 39;The population is comprised of individuals between ages 20 and 39.;;;;;
MF;npopulm994;994;m;Saint Martin (French part);Population;Number of individuals in a group.;;Population;Number of units in a given group;male;The population looked at is comprised of male individuals only.;40 to 59;The population is comprised of individuals between ages 40 and 59.;;;;;
MF;npopulm995;995;m;Saint Martin (French part);Population;Number of individuals in a group.;;Population;Number of units in a given group;male;The population looked at is comprised of male individuals only.;Over 60;The population is comprised of individuals over age 60.;;;;;
MF;npopulm996;996;m;Saint Martin (French part);Population;Number of individuals in a group.;;Population;Number of units in a given group;male;The population looked at is comprised of male individuals only.;20 to 64;The population is comprised of individuals between ages 20 and 64.;;;;;
MF;npopulm997;997;m;Saint Martin (French part);Population;Number of individuals in a group.;;Population;Number of units in a given group;male;The population looked at is comprised of male individuals only.;Over 65;The population is comprised of individuals over age 65.;;;;;
MF;npopulm998;998;m;Saint Martin (French part);Population;Number of individuals in a group.;;Population;Number of units in a given group;male;The population looked at is comprised of male individuals only.;Over 80;The population is comprised of individuals over age 80.;;;;;
MF;npopulm999;999;m;Saint Martin (French part);Population;Number of individuals in a group.;;Population;Number of units in a given group;male;The population looked at is comprised of male individuals only.;All Ages;The population is comprised of individuals of all ages.;;;;;
MF;wconfci999;999;i;Saint Martin (French part);Consumption of fixed capital;Consumption of fixed capital of national economy is the decline in total value of fixed assets (e.g. roads, machines) which are owned and used by a producer. In other words, the amounts required to maintain the quality of fixed assets from a year to another. The decline in  value is a result of physical deterioration, normal obsolescence or normal accidental damage.The national economy - in the national accounts sense - includes all domestic sectors, i.e. all entities that are resident of a given country (in the sense of their economic activity), whether they belong to the private sector, the corporate sector, the governement sector.;;Wealth-income ratio;Ratio of net wealth (of a given sector) to net national income;individuals;The base unit is the individual (rather than the household). This is equivalent to assuming no sharing of resources within couples.;All Ages;The population is comprised of individuals of all ages.;;;;;
MF;wgdproi999;999;i;Saint Martin (French part);Gross domestic product;Gross domestic product is the total value of goods and services produced by the national economy.The national economy - in the national accounts sense - includes all domestic sectors, i.e. all entities that are resident of a given country (in the sense of their economic activity), whether they belong to the private sector, the corporate sector, the governement sector.;;Wealth-income ratio;Ratio of net wealth (of a given sector) to net national income;individuals;The base unit is the individual (rather than the household). This is equivalent to assuming no sharing of resources within couples.;All Ages;The population is comprised of individuals of all ages.;;;;;
MF;wgweali999;999;i;Saint Martin (French part);Net public wealth;Net public wealth is the total value of assets (cash, housing, bonds, equities, etc.) owned by the general government sector (central government, state government, local government, and social security funds), minus its debts. The government sector - in the national accounts - includes are national, regional local governement, social security administrations, and more generally all entities relying primarily upon public financing (taxes, contributions, and other compulsory payments).;[Net public wealth]=[Government non-financial assets]+[Government financial assets]-[Government debt];Wealth-income ratio;Ratio of net wealth (of a given sector) to net national income;individuals;The base unit is the individual (rather than the household). This is equivalent to assuming no sharing of resources within couples.;All Ages;The population is comprised of individuals of all ages.;;;;;
MF;wncanxi999;999;i;Saint Martin (French part);Current Account = pinnx + comnx + tbnnx + opinx + scinx;;[Current Account = pinnx + comnx + tbnnx + opinx + scinx]=[Trade balace (exports-imports)]-[Net other primary income ];Wealth-income ratio;Ratio of net wealth (of a given sector) to net national income;individuals;The base unit is the individual (rather than the household). This is equivalent to assuming no sharing of resources within couples.;All Ages;The population is comprised of individuals of all ages.;;;;;
MF;wndproi999;999;i;Saint Martin (French part);Net domestic product;Net domestic product is the total value of the goods and services produced in a country, minus the value of the fixed capital used up in production (e.g. replacement of obsolete machines or maintenance of roads).The national economy - in the national accounts sense - includes all domestic sectors, i.e. all entities that are resident of a given country (in the sense of their economic activity), whether they belong to the private sector, the corporate sector, the governement sector.;[Net domestic product]=[Gross domestic product]-[Consumption of fixed capital];Wealth-income ratio;Ratio of net wealth (of a given sector) to net national income;individuals;The base unit is the individual (rather than the household). This is equivalent to assuming no sharing of resources within couples.;All Ages;The population is comprised of individuals of all ages.;;;;;
MF;wnweali999;999;i;Saint Martin (French part);Market-value national wealth ;Net national wealth is the total value of assets (cash, housing, bonds, equities, etc.) owned by the national economy, minus its debts. The national economy - in the national accounts sense - includes all domestic sectors, i.e. all entities that are resident of a given country (in the sense of their economic activity), whether they belong to the private sector, the corporate sector, the governement sector.;[Market-value national wealth ]=[National non-financial assets]+[Net foreign assets];Wealth-income ratio;Ratio of net wealth (of a given sector) to net national income;individuals;The base unit is the individual (rather than the household). This is equivalent to assuming no sharing of resources within couples.;All Ages;The population is comprised of individuals of all ages.;;;;;
MF;wnwnxai999;999;i;Saint Martin (French part);Net foreign assets;Net foreign assets are the total value of the assets that a country owns abroad, minus the total value of the domestic assets owned by foreigners. The national economy - in the national accounts sense - includes all domestic sectors, i.e. all entities that are resident of a given country (in the sense of their economic activity), whether they belong to the private sector, the corporate sector, the governement sector.;[Net foreign assets]=[Gross foreign assets]-[Gross foreign liabilities];Wealth-income ratio;Ratio of net wealth (of a given sector) to net national income;individuals;The base unit is the individual (rather than the household). This is equivalent to assuming no sharing of resources within couples.;All Ages;The population is comprised of individuals of all ages.;;;;;
MF;wpweali999;999;i;Saint Martin (French part);Net private wealth;Net private wealth is  the total value of non-financial and financial assets (housing, land, deposits, bonds, equities of corporations, etc.) held by private owners (households and foundations), minus their debts.  The private sector - in the national accounts sense - includes the personal sector (households) and the non-profit sector (foundations, religious organizations, etc.). In certain countries, availables sources do not allow to decompose the wealth owned by each of these two sub-sectors, and we only provide total net private wealth.;[Net private wealth]=[Private non-financial assets]+[Private financial assets]-[Private debt];Wealth-income ratio;Ratio of net wealth (of a given sector) to net national income;individuals;The base unit is the individual (rather than the household). This is equivalent to assuming no sharing of resources within couples.;All Ages;The population is comprised of individuals of all ages.;;;;;
MF;wwealgi999;999;i;Saint Martin (French part);Net Public Wealth to Net National Income Ratio;Net Public Wealth to Net National Income Ratio is the division of net wealth of the public sector by net national income.;;Wealth-income ratio;Ratio of net wealth (of a given sector) to net national income;individuals;The base unit is the individual (rather than the household). This is equivalent to assuming no sharing of resources within couples.;All Ages;The population is comprised of individuals of all ages.;;;;;
MF;wwealni999;999;i;Saint Martin (French part);Net national wealth to Net National Income Ratio;Wealth-Income Ratio is the division of national wealth by national income.; ;Wealth-income ratio;Ratio of net wealth (of a given sector) to net national income;individuals;The base unit is the individual (rather than the household). This is equivalent to assuming no sharing of resources within couples.;All Ages;The population is comprised of individuals of all ages.;;;;;
MF;wwealpi999;999;i;Saint Martin (French part);Net Private Wealth to Net National Income Ratio;Net Private Wealth to Net National Income Ratio is the division of net private wealth by net national income. Private wealth consists of net wealth of the personal sector (households) and the non-profit sector (philanthropy foundations, religious organizations, universities, etc.).;;Wealth-income ratio;Ratio of net wealth (of a given sector) to net national income;individuals;The base unit is the individual (rather than the household). This is equivalent to assuming no sharing of resources within couples.;All Ages;The population is comprised of individuals of all ages.;;;;;
MF;xlceuxi999;999;i;Saint Martin (French part);Market exchange rate, LCU per EUR;Official exchange rate of the local currency to EUR.;;Exchange rates;Exchange rate series;individuals;The base unit is the individual (rather than the household). This is equivalent to assuming no sharing of resources within couples.;All Ages;The population is comprised of individuals of all ages.;;;;;
MF;xlcusxi999;999;i;Saint Martin (French part);Market exchange rate, LCU per USD;Official exchange rate of the local currency to USD.;;Exchange rates;Exchange rate series;individuals;The base unit is the individual (rather than the household). This is equivalent to assuming no sharing of resources within couples.;All Ages;The population is comprised of individuals of all ages.;;;;;
MF;xlcyuxi999;999;i;Saint Martin (French part);Market exchange rate, LCU per CNY;Official exchange rate of the local currency to CNY.;;Exchange rates;Exchange rate series;individuals;The base unit is the individual (rather than the household). This is equivalent to assuming no sharing of resources within couples.;All Ages;The population is comprised of individuals of all ages.;;;;;
